{
  "mean": 0.08795292675495148,
  "std": 3.388695240020752
}