{
  "lo": [
    2.0,
    10.000070730542642,
    17.000028950417832,
    1.0000149993506464
  ],
  "hi": [
    6.0,
    15.999944561598161,
    22.999994693401202,
    9.999960072091154
  ]
}